expediente,nombre,correo
100000,Laura Thompson,laurathompson0@mail.com
100001,James Moore,jamesmoore1@mail.com
100002,Jennifer Clark,jenniferclark2@mail.com
100003,James Lee,jameslee3@mail.com
100004,Laura Johnson,laurajohnson4@mail.com
100005,James Jackson,jamesjackson5@mail.com
100006,Lisa Smith,lisasmith6@mail.com
100007,Sam Miller,sammiller7@mail.com
100008,John Miller,johnmiller8@mail.com
100009,Mark Jackson,markjackson9@mail.com
100010,Mark Lee,marklee10@mail.com
100011,Alex Brown,alexbrown11@mail.com
100012,Emily Smith,emilysmith12@mail.com
100013,Thomas Clark,thomasclark13@mail.com
100014,Sam Lee,samlee14@mail.com
100015,John Brown,johnbrown15@mail.com
100016,Michael Martin,michaelmartin16@mail.com
100017,Kevin Harris,kevinharris17@mail.com
100018,Daniel Jackson,danieljackson18@mail.com
100019,Daniel Smith,danielsmith19@mail.com
100020,James Lee,jameslee20@mail.com
100021,Emily Martin,emilymartin21@mail.com
100022,Brian Walker,brianwalker22@mail.com
100023,Thomas Anderson,thomasanderson23@mail.com
100024,Michael Lewis,michaellewis24@mail.com
100025,James Davis,jamesdavis25@mail.com
100026,John Miller,johnmiller26@mail.com
100027,Emily Jackson,emilyjackson27@mail.com
100028,Alex Jackson,alexjackson28@mail.com
100029,Sarah Anderson,sarahanderson29@mail.com
100030,John Lewis,johnlewis30@mail.com
100031,Jennifer Johnson,jenniferjohnson31@mail.com
100032,Jennifer Taylor,jennifertaylor32@mail.com
100033,Jason Garcia,jasongarcia33@mail.com
100034,Brian Lee,brianlee34@mail.com
100035,Brian White,brianwhite35@mail.com
100036,Sam Davis,samdavis36@mail.com
100037,Emily Smith,emilysmith37@mail.com
100038,Michael Jackson,michaeljackson38@mail.com
100039,David Anderson,davidanderson39@mail.com
100040,Lisa Johnson,lisajohnson40@mail.com
100041,James White,jameswhite41@mail.com
100042,Jason Johnson,jasonjohnson42@mail.com
100043,Laura Clark,lauraclark43@mail.com
100044,Kevin Clark,kevinclark44@mail.com
100045,Jason Anderson,jasonanderson45@mail.com
100046,Thomas Wilson,thomaswilson46@mail.com
100047,Linda Clark,lindaclark47@mail.com
100048,Mark Jackson,markjackson48@mail.com
100049,Brian Smith,briansmith49@mail.com
100050,Thomas Garcia,thomasgarcia50@mail.com
100051,Sarah Taylor,sarahtaylor51@mail.com
100052,Daniel Garcia,danielgarcia52@mail.com
100053,Karen Anderson,karenanderson53@mail.com
100054,David Moore,davidmoore54@mail.com
100055,James Wilson,jameswilson55@mail.com
100056,Jason Moore,jasonmoore56@mail.com
100057,Kevin Thompson,kevinthompson57@mail.com
100058,Laura Harris,lauraharris58@mail.com
100059,David Taylor,davidtaylor59@mail.com
100060,John Garcia,johngarcia60@mail.com
100061,Laura Harris,lauraharris61@mail.com
100062,Kevin Lewis,kevinlewis62@mail.com
100063,Mark Brown,markbrown63@mail.com
100064,Jason Martin,jasonmartin64@mail.com
100065,Michael Miller,michaelmiller65@mail.com
100066,Jennifer Lee,jenniferlee66@mail.com
100067,Jennifer Brown,jenniferbrown67@mail.com
100068,Karen Thomas,karenthomas68@mail.com
100069,Jennifer Brown,jenniferbrown69@mail.com
100070,Brian Martin,brianmartin70@mail.com
100071,Jason Moore,jasonmoore71@mail.com
100072,Karen Thomas,karenthomas72@mail.com
100073,John Smith,johnsmith73@mail.com
100074,Sam Wilson,samwilson74@mail.com
100075,Jason Moore,jasonmoore75@mail.com
100076,Brian Thomas,brianthomas76@mail.com
100077,Alex Anderson,alexanderson77@mail.com
100078,Jennifer Thomas,jenniferthomas78@mail.com
100079,David Davis,daviddavis79@mail.com
100080,Kevin Anderson,kevinanderson80@mail.com
100081,Karen Harris,karenharris81@mail.com
100082,Alex Brown,alexbrown82@mail.com
100083,Daniel Wilson,danielwilson83@mail.com
100084,Linda Lewis,lindalewis84@mail.com
100085,Karen Smith,karensmith85@mail.com
100086,Lisa Miller,lisamiller86@mail.com
100087,David Brown,davidbrown87@mail.com
100088,Linda Lewis,lindalewis88@mail.com
100089,Sam Thompson,samthompson89@mail.com
100090,Linda Garcia,lindagarcia90@mail.com
100091,Michael Clark,michaelclark91@mail.com
100092,David Walker,davidwalker92@mail.com
100093,Kevin Smith,kevinsmith93@mail.com
100094,Sam Walker,samwalker94@mail.com
100095,Daniel Anderson,danielanderson95@mail.com
100096,Sam Walker,samwalker96@mail.com
100097,Laura Brown,laurabrown97@mail.com
100098,Sam Taylor,samtaylor98@mail.com
100099,Laura Thompson,laurathompson99@mail.com
