nombre,correo
Kevin Moore,kevinmoore0@university.com
James Thompson,jamesthompson1@university.com
Alex Taylor,alextaylor2@university.com
Alex Brown,alexbrown3@university.com
Robert Davis,robertdavis4@university.com
Karen White,karenwhite5@university.com
Thomas White,thomaswhite6@university.com
Mark Wilson,markwilson7@university.com
Alex Brown,alexbrown8@university.com
David Miller,davidmiller9@university.com
Alex Thomas,alexthomas10@university.com
Jennifer Anderson,jenniferanderson11@university.com
Sam Davis,samdavis12@university.com
Lisa Jackson,lisajackson13@university.com
Emily White,emilywhite14@university.com
Mark Garcia,markgarcia15@university.com
John Miller,johnmiller16@university.com
David Lewis,davidlewis17@university.com
James Taylor,jamestaylor18@university.com
Sam Taylor,samtaylor19@university.com
Alex Anderson,alexanderson20@university.com
Sarah Garcia,sarahgarcia21@university.com
Thomas Davis,thomasdavis22@university.com
Jennifer Walker,jenniferwalker23@university.com
Linda Wilson,lindawilson24@university.com
Lisa Lee,lisalee25@university.com
Robert Thompson,robertthompson26@university.com
Laura Moore,lauramoore27@university.com
Lisa Taylor,lisataylor28@university.com
Jason Smith,jasonsmith29@university.com
Michael Jackson,michaeljackson30@university.com
John Brown,johnbrown31@university.com
Linda Smith,lindasmith32@university.com
Sarah Taylor,sarahtaylor33@university.com
Linda Jackson,lindajackson34@university.com
David Lewis,davidlewis35@university.com
Brian White,brianwhite36@university.com
Karen Clark,karenclark37@university.com
Karen Taylor,karentaylor38@university.com
Linda Clark,lindaclark39@university.com
Karen Harris,karenharris40@university.com
Mark White,markwhite41@university.com
Thomas Wilson,thomaswilson42@university.com
John Lewis,johnlewis43@university.com
Alex Martin,alexmartin44@university.com
Jennifer Moore,jennifermoore45@university.com
Jason Garcia,jasongarcia46@university.com
Linda Walker,lindawalker47@university.com
James Lewis,jameslewis48@university.com
James Brown,jamesbrown49@university.com
Kevin Moore,kevinmoore50@university.com
James Johnson,jamesjohnson51@university.com
Brian Walker,brianwalker52@university.com
Sarah Smith,sarahsmith53@university.com
Jason Miller,jasonmiller54@university.com
James Davis,jamesdavis55@university.com
Lisa Smith,lisasmith56@university.com
Sarah Johnson,sarahjohnson57@university.com
Lisa Taylor,lisataylor58@university.com
Robert Brown,robertbrown59@university.com
Karen Brown,karenbrown60@university.com
Mark Anderson,markanderson61@university.com
Linda Walker,lindawalker62@university.com
Mark Taylor,marktaylor63@university.com
Daniel Clark,danielclark64@university.com
Kevin Anderson,kevinanderson65@university.com
James Wilson,jameswilson66@university.com
Brian Brown,brianbrown67@university.com
Kevin White,kevinwhite68@university.com
Michael Brown,michaelbrown69@university.com
John Walker,johnwalker70@university.com
Kevin Wilson,kevinwilson71@university.com
Robert Davis,robertdavis72@university.com
Michael Walker,michaelwalker73@university.com
Jason Wilson,jasonwilson74@university.com
Brian Lewis,brianlewis75@university.com
Jennifer Thomas,jenniferthomas76@university.com
Jennifer Miller,jennifermiller77@university.com
Michael Jackson,michaeljackson78@university.com
Lisa Thomas,lisathomas79@university.com
Robert Lewis,robertlewis80@university.com
James Miller,jamesmiller81@university.com
Jason Garcia,jasongarcia82@university.com
Kevin Taylor,kevintaylor83@university.com
Jennifer Thompson,jenniferthompson84@university.com
David Lee,davidlee85@university.com
John Miller,johnmiller86@university.com
Kevin Walker,kevinwalker87@university.com
Sarah Lewis,sarahlewis88@university.com
Linda Anderson,lindaanderson89@university.com
John Moore,johnmoore90@university.com
Kevin Johnson,kevinjohnson91@university.com
Thomas Davis,thomasdavis92@university.com
Emily Wilson,emilywilson93@university.com
Mark Johnson,markjohnson94@university.com
Kevin Martin,kevinmartin95@university.com
Laura Miller,lauramiller96@university.com
David Thompson,davidthompson97@university.com
Laura Brown,laurabrown98@university.com
Robert Taylor,roberttaylor99@university.com
